Project Name,Category,One-sentence reason for being there,Date of finish,My role,Team,Tools,Short description,Concept/Problem,Representation
HanamiTech,Interactive/Audiovisual,"An exploration of how sound, technology, and natural forms can come together through reactive visuals.","May 22, 2026","For the Hanami Tech project, I was mainly responsible for developing the visual side of the work in TouchDesigner. While my partner worked on the audio analysis, I focused on creating the visual system and shaping how the digital effects responded to the music. This included designing the distortion effects, dynamic lines, and dot-based geometries that formed the main visual elements. One of the main parts of my work was developing the blob tracking system, which allowed us to extract real-time X and Y coordinates from the detected blobs when triggered by the snare. I then used this data to control how the visual effects moved and spread across the blooming sakura, creating a direct connection between the music and the visuals. I also worked on combining the generated geometries with the organic sakura elements, making the visuals react dynamically to the rhythm of the music and creating a continuous interaction between the digital effects and the natural forms.",Tetiana Bila s36031,TouchDesigner,"Hanami Tech is an audio-reactive composition inspired by the Japanese tradition of hanami -
the act of watching sakura bloom. We explored this idea through a visual composition where
cherry blossoms slowly open and move in response to the beat of the music.
We also compose the music, combining modern techno sounds with natural visuals to create
a fusion between technology and nature.","The system based on audio analysis. The snare signal is the main driver - it controls blob
tracking, and triggers the opening and closing of the sakura visuals.
On the first playback, the audio remains clean and the visuals outside the blobs. On the
second playback, audio distortion appears and affects the visual system, spreading
distortion areas outside the blobs. The speed of all visual effects are also controlled by
music.
The patch also outputs real-time X and Y coordinates of the tracked blobs, which are used
as part of the visual logic.","firstly video on almost full screen, than Image carousel, wide landscape aspect ratio, adapted to the photos, horizontal navigation with left/right arrows."
The Collectors’ Garden,VR / Web," My experience in creating immersive 360° spaces, collaborative VR, and interactive web experiences.","June 21, 2026","For this project, my main responsibility was creating the whole website by myself and connecting it with our 360° virtual tour. I also prepared all the panorama bases, making sure they were set up correctly so they would work properly for a 360° view. After my teammates finished their parts, I implemented their objects and other elements into Theasys and arranged everything in the scenes. I also created all the navigation between the different locations and made sure that everything worked together as one complete tour. Basically, I was responsible for putting all of our separate work together in Theasys and making the final interactive experience.","Tetiana Bila s36031
Yaren Su  Bozaci s35146","Theasys, Photoshop, Procreate,  Mobirise","An interactive VR experience that invites the user to explore a mysterious botanical garden filled with magical plants, objects, and hidden spaces. As they move through the environment, they can discover different plants and interact with signs that reveal illustrated encyclopaedia entries, introducing their properties and stories through an antique-inspired interface. Outside the main garden, visitors can join a magical tea gathering and explore a collection of enchanted herbs. Entering a mysterious teapot transports the user into a dark, immersive space where they can uncover the mysterious properties of the herbs and the magical gifts they offer. The experience is built around exploration, interaction, and discovery, allowing the world to unfold through the user’s curiosity.","Hidden away from the ordinary world, the Collectors’ Botanic Garden is a magical sanctuary where a mysterious cat lives among rare and enchanted plants. Inspired by the feeling of discovering a forgotten place filled with secrets, the garden combines botanical exploration with an atmosphere of old books, forgotten knowledge, and quiet magic. Every plant and object offers another small piece of the world to uncover.","2 videos on almost full screen, than links to website and theasys, left space for them"
Jazzavu Fest,Branding,My exploration of identity systems and how one visual language adapts across media.,"November 16, 2025",my own project,-,illustrator,"Jazzavu Fest is a fictional three-day jazz festival set in New Orleans, created around the idea of celebrating jazz in all its forms. The identity captures the warmth, energy, and freedom of live music through a bold combination of expressive typography, playful illustrations, and a vibrant retro-inspired aesthetic. From the main festival poster to tickets, wristbands, and graphic patterns, every element is designed to feel like part of the same experience. The illustrations of the saxophone, trumpet, and double bass bring the music to life, while the typography adds personality and a sense of movement. The result is an identity that feels festive and inviting, while still having a strong and recognizable character. Jazzavu Fest is ultimately about more than an event — it is an invitation to feel the groove, live the jazz, and become part of the atmosphere.","The starting point was the challenge of making a jazz festival feel both authentic and visually fresh, without relying on predictable or overly traditional jazz aesthetics. I explored the shapes of musical instruments and transformed them into bold, simplified graphic elements that could communicate the genre instantly while remaining visually playful. The color palette combines deep purple and red with energetic orange and yellow, balanced by a soft cream background; this contrast creates warmth and gives the compositions a distinctly nostalgic character. I also developed the identity so that its elements could be easily adapted across different physical applications, allowing the same idea to work as a large-scale poster, a small ticket, or a wearable festival wristband.","firstly Image carousel, wide landscape aspect ratio, adapted to the photos, horizontal navigation with left/right arrows. than A vertical image gallery with the photos stacked one below another."
Type,Typography,"My ability to use typography as a visual language, transforming simple letterforms into compositions that communicate emotion and meaning beyond the written word.","June 22, 2026",my own project,-,illustrator,"This project was a 50-day exploration of typography as a visual language. Each day, I spent 15 minutes creating a black-and-white composition in a fixed square format, using type to communicate the meaning of a chosen word. Through changes in scale, rotation, position, rhythm, and hierarchy, I investigated how typography can convey ideas beyond its literal content. The project's strict constraints encouraged experimentation and intuitive decision-making, turning typography into a tool for communication and interpretation. ",use short description only,"firstly video on almost full screen, than Image carousel, 1:1 aspect ratio, horizontal navigation with left/right arrows."
My Star Family Adventure,UX/UI / Data,The exploration of turning complex information from GAIA Dataset into an accessible digital experience.,"March 20, 2026","I was responsible for designing and developing the interactive interface in Figma. I collaborated with a teammate during the initial ideation and prompt creation, then took the lead in refining the design, developing the interactions, and bringing the prototype to its final form.","Maria Surawska s24834
Anastassiya Lobayeva s35065
Kira Makarova s33264",Figma,"Stellar Family Portrait is an interactive educational website for children where stars are represented as characters in one cosmic family. Each character’s design reflects real stellar properties such as color, temperature, age, and brightness. By clicking on a star, users can read its personal story, written in simple and engaging language. This approach transforms complex astronomical data into an emotional and accessible experience, helping children understand the life cycle of stars and the structure of our galaxy.","The user sees a group of star characters arranged as a “family portrait.” Clicking on a star opens its profile card, where the star introduces itself and explains its properties (color, temperature, brightness, life stage) in simple language. The user understands that stars are not static points of light, but living systems that change over time. They feel curiosity and empathy toward the stars by seeing them as characters with stories.","firstly video on almost full screen, than Image carousel, wide landscape aspect ratio, adapted to the photos, horizontal navigation with left/right arrows."
Valleys of Shadow,Editorial," My exploration of how typography and layout can respond to literary content.","January 11, 2026",my own project,-,"Indesign, illustrator, Photoshop","For “Valleys of Shadow,” I developed a comprehensive editorial design project inspired by the melancholy and haunting atmosphere of Edgar Allan Poe’s poetry. I designed a poetry zine featuring structured double-page spreads for works such as “Eldorado,” “To One in Paradise,” and “Annabel Lee,” focusing on precise typography, visual hierarchy, and cohesive composition. The design uses one limited palette: burnt orange linework on warm cream, which echoes vintage engravings and the twilight mood of the verses. A flowing script typeface gives the poem titles and pull-quotes a handwritten, romantic feel, while a clean serif keeps the verses easy to read. The layout changes with each poem to match its content.",-,"2 horizontal photos than photo carousel with 5 images, designed like a book. Each image should be clickable to navigate to the next or previous photo. The first and last images should have a different aspect ratio/size, while the three images in the middle share a consistent size. Keep each photo’s natural proportions and avoid cropping. Use simple left/right navigation, with a smooth horizontal transition between images."
Against Decluttering,Stop Motion Animation,"My ability to develop a concept collaboratively and translate it into a physical, handmade stop-motion animation.","November 21, 2025","Collaborative concept development, set and background creation, and stop-motion photography. Working together with teammates, I contributed to developing the narrative and visual direction, painted and prepared the backgrounds and set elements, and photographed the animation.","Tetiana Bila s36031
Oleksandra Borets s35921
Yelyzaveta Radetska s35428
Sofia Gulyk s36262","Hand-made, Camera, AfterEffects","A handmade stop-motion animation that satirically explores the relationship between decluttering and overconsumption. The film follows a character caught in an endless cycle of throwing things away and buying new ones, questioning whether constantly getting rid of possessions can really lead to a simpler life. The project was developed collaboratively as part of an illustration and animation workshop, combining painted sets with stop-motion photography and digital post-production.",-,video on almost full screen
Light painting,Photography,"My ability to explore objects through conceptual composition, experiment with light and materials, and contribute a strong individual creative perspective within a collaborative process.","June 12, 2026","I contributed to the overall setup, lighting experiments, composition, and visual direction of the project. My main creative contribution was developing the concepts and compositions for the octopus and car photographs. For these images, I designed the paper cutouts and background elements to interact with the objects rather than simply decorate them. I was particularly interested in how the composition could transform an ordinary object into something more conceptual and visually expressive.","Tetiana Bila s36031
Yaren Su  Bozaci s35146",Lightroom,"A collaborative photography project exploring light, color, composition, and conceptual storytelling. Working in a team of three, we experimented with flashlights and colored light sources to create abstract and visually engaging compositions. We then introduced black paper cutouts and shaped backgrounds to complement the objects and create a stronger visual concept.",-,A vertical image gallery with the photos stacked one below another.
Birthday Magazine,Editorial,"I decided to include it in my portfolio because I believe that one of the most honest ways to understand a person is to look at how they treat the people they love. ","January 2, 2026",my own project,-,"Indesign, illustrator, Photoshop","For me, creativity has always been one of the ways I express care. When someone is important to me, I want to notice them, remember the little things about them, and sometimes turn those memories into something they can keep.

This magazine was not made for an assignment, a grade, or a brief. I made it simply because she mattered to me — and because I wanted to give her something that could hold a small piece of the life we shared. In that sense, it is probably one of the most personal things I have ever designed.","I created this magazine as a birthday gift for my best friend, bringing together photographs, memories, stories and the small, seemingly insignificant moments that make up our friendship.",video on almost full screen